Knox.Hamish.Morris@northropgrumman.com,0.0
Paloma.Sandra.Little@verizon.net,0.0
Lael.Fiona.Hogan@cox.net,0.0
Juliet.Martena.Gonzalez@msn.com,0.0
India.Naida.Hurst@msn.com,0.0
Nelle.Jordan.Maldonado@msn.com,0.0
Illiana.Tashya.Haley@bellsouth.net,0.0
Jenette.Hilary.Casey@yahoo.com,0.0
Reagan.Quynn.Wooten@cox.net,0.0
Tanek.August.Frye@optonline.net,0.0
Alexandra.Karly.Bradford@gmail.com,0.0
Jeanette.Diana.Dale@boeing.com,0.0
Peter.Jonathan.Baxter@gmail.com,0.0
Amy.Juliet.Galloway@optonline.net,0.0
Ingrid.Patricia.Woods@sbcglobal.net,0.0
Shelley.Ria.Salazar@hp.com,0.0
Stephanie.Denise.Knowles@cox.net,0.0
