Chastity.Tamara.Fowler@dtaa.com,0,0
Ayanna.Stacey.Leblanc@dtaa.com,0,0
Mia.Deborah.Riddle@boeing.com,0,0
Patrick.Drake.Dale@harris.com,0,0
Paki.Ulric.Vazquez@verizon.net,0,0
Karly.Giselle.Velez@netzero.com,0,0
Joelle.Yoko.Oconnor@earthlink.net,0,0
Ila.Madonna.Santos@charter.net,0,0
Stephanie.Guinevere.Frazier@optonline.net,0,0
Gisela.Idona.Mosley@northropgrumman.com,0,0
Regina.Catherine.Hood@raytheon.com,0,0
Andrew.Zahir.Morales@netzero.com,0,0
Flynn.Jonathan.Roy@raytheon.com,0,0
Bryar.Gwendolyn.Sampson@northropgrumman.com,0,0
Paul.Arsenio.Odom@raytheon.com,0,0
Devin.Maxwell.Rowland@bellsouth.net,0,0
Melyssa.Grace.Hopkins@comcast.net,0,0
Leah.Adara.Valenzuela@yahoo.com,0,0
Xantha.Giselle.Douglas@juno.com,0,0
Clio.Yeo.Barker@optonline.net,0,0
Chantale.Yetta.Salinas@bellsouth.net,0,0
Kirestin.Winifred.Carlson@optonline.net,0,0
